{
    "599fbf00-23d2-11e8-a6a3-ec086b02610b.jpg": {
        "detected": 0,
        "yolo_res": [
            0,
            0,
            0,
            0,
            0,
            0
        ]
    },
    "587183ad-23d2-11e8-a6a3-ec086b02610b.jpg": {
        "detected": 0,
        "yolo_res": [
            0,
            0,
            0,
            0,
            0,
            0
        ]
    },
    "5946b967-23d2-11e8-a6a3-ec086b02610b.jpg": {
        "detected": 1,
        "yolo_res": [
            718.8465576171875,
            588.1771240234375,
            799.2431030273438,
            693.8556518554688,
            0.8820270299911499,
            0.0
        ],
        "resnet_res": [
            6,
            0.34738776087760925
        ]
    },
    "59f5ff2d-23d2-11e8-a6a3-ec086b02610b.jpg": {
        "detected": 0,
        "yolo_res": [
            0,
            0,
            0,
            0,
            0,
            0
        ]
    },
    "5946bb1f-23d2-11e8-a6a3-ec086b02610b.jpg": {
        "detected": 0,
        "yolo_res": [
            0,
            0,
            0,
            0,
            0,
            0
        ]
    },
    "591b234d-23d2-11e8-a6a3-ec086b02610b.jpg": {
        "detected": 1,
        "yolo_res": [
            272.9379577636719,
            297.2599792480469,
            337.0180969238281,
            382.381103515625,
            0.7711957693099976,
            0.0
        ],
        "resnet_res": [
            11,
            0.302005797624588
        ]
    },
    "596a4f9f-23d2-11e8-a6a3-ec086b02610b.jpg": {
        "detected": 0,
        "yolo_res": [
            0,
            0,
            0,
            0,
            0,
            0
        ]
    },
    "59f12bc4-23d2-11e8-a6a3-ec086b02610b.jpg": {
        "detected": 0,
        "yolo_res": [
            0,
            0,
            0,
            0,
            0,
            0
        ]
    },
    "59408463-23d2-11e8-a6a3-ec086b02610b.jpg": {
        "detected": 1,
        "yolo_res": [
            521.721923828125,
            606.630126953125,
            678.6920166015625,
            681.7329711914062,
            0.8831979632377625,
            0.0
        ],
        "resnet_res": [
            6,
            0.3208461403846741
        ]
    },
    "5a17dd18-23d2-11e8-a6a3-ec086b02610b.jpg": {
        "detected": 0,
        "yolo_res": [
            0,
            0,
            0,
            0,
            0,
            0
        ]
    },
    "59c319b0-23d2-11e8-a6a3-ec086b02610b.jpg": {
        "detected": 0,
        "yolo_res": [
            0,
            0,
            0,
            0,
            0,
            0
        ]
    },
    "593d6774-23d2-11e8-a6a3-ec086b02610b.jpg": {
        "detected": 1,
        "yolo_res": [
            885.1241455078125,
            523.7730712890625,
            943.6715087890625,
            590.67333984375,
            0.8365333080291748,
            0.0
        ],
        "resnet_res": [
            3,
            0.38105496764183044
        ]
    },
    "59ddc008-23d2-11e8-a6a3-ec086b02610b.jpg": {
        "detected": 0,
        "yolo_res": [
            0,
            0,
            0,
            0,
            0,
            0
        ]
    },
    "5a062ee0-23d2-11e8-a6a3-ec086b02610b.jpg": {
        "detected": 0,
        "yolo_res": [
            0,
            0,
            0,
            0,
            0,
            0
        ]
    },
    "59d0e229-23d2-11e8-a6a3-ec086b02610b.jpg": {
        "detected": 0,
        "yolo_res": [
            0,
            0,
            0,
            0,
            0,
            0
        ]
    },
    "59ac6a73-23d2-11e8-a6a3-ec086b02610b.jpg": {
        "detected": 0,
        "yolo_res": [
            0,
            0,
            0,
            0,
            0,
            0
        ]
    },
    "596bda6d-23d2-11e8-a6a3-ec086b02610b.jpg": {
        "detected": 0,
        "yolo_res": [
            0,
            0,
            0,
            0,
            0,
            0
        ]
    },
    "5989451c-23d2-11e8-a6a3-ec086b02610b.jpg": {
        "detected": 0,
        "yolo_res": [
            0,
            0,
            0,
            0,
            0,
            0
        ]
    },
    "58995a40-23d2-11e8-a6a3-ec086b02610b.jpg": {
        "detected": 1,
        "yolo_res": [
            268.1824951171875,
            523.4619750976562,
            440.7109375,
            683.21923828125,
            0.8529253005981445,
            0.0
        ],
        "resnet_res": [
            7,
            0.3122173845767975
        ]
    },
    "5a130900-23d2-11e8-a6a3-ec086b02610b.jpg": {
        "detected": 0,
        "yolo_res": [
            0,
            0,
            0,
            0,
            0,
            0
        ]
    },
    "59aada07-23d2-11e8-a6a3-ec086b02610b.jpg": {
        "detected": 1,
        "yolo_res": [
            242.40499877929688,
            415.554931640625,
            324.61883544921875,
            491.9680480957031,
            0.25479480624198914,
            0.0
        ],
        "resnet_res": [
            0,
            0.3444187343120575
        ]
    },
    "59edf261-23d2-11e8-a6a3-ec086b02610b.jpg": {
        "detected": 0,
        "yolo_res": [
            0,
            0,
            0,
            0,
            0,
            0
        ]
    },
    "59d750e9-23d2-11e8-a6a3-ec086b02610b.jpg": {
        "detected": 0,
        "yolo_res": [
            0,
            0,
            0,
            0,
            0,
            0
        ]
    },
    "597e647f-23d2-11e8-a6a3-ec086b02610b.jpg": {
        "detected": 0,
        "yolo_res": [
            0,
            0,
            0,
            0,
            0,
            0
        ]
    },
    "5a14a73f-23d2-11e8-a6a3-ec086b02610b.jpg": {
        "detected": 0,
        "yolo_res": [
            0,
            0,
            0,
            0,
            0,
            0
        ]
    },
    "5897b248-23d2-11e8-a6a3-ec086b02610b.jpg": {
        "detected": 1,
        "yolo_res": [
            281.5718078613281,
            292.14532470703125,
            347.3252258300781,
            383.6642150878906,
            0.85097336769104,
            0.0
        ],
        "resnet_res": [
            11,
            0.29946061968803406
        ]
    },
    "590a1199-23d2-11e8-a6a3-ec086b02610b.jpg": {
        "detected": 0,
        "yolo_res": [
            0,
            0,
            0,
            0,
            0,
            0
        ]
    },
    "5a230f5a-23d2-11e8-a6a3-ec086b02610b.jpg": {
        "detected": 1,
        "yolo_res": [
            374.64959716796875,
            321.1040954589844,
            477.2228088378906,
            401.4118347167969,
            0.8525891900062561,
            0.0
        ],
        "resnet_res": [
            7,
            0.30908432602882385
        ]
    },
    "58f108ac-23d2-11e8-a6a3-ec086b02610b.jpg": {
        "detected": 0,
        "yolo_res": [
            0,
            0,
            0,
            0,
            0,
            0
        ]
    },
    "59a49b7e-23d2-11e8-a6a3-ec086b02610b.jpg": {
        "detected": 1,
        "yolo_res": [
            177.49195861816406,
            384.0242919921875,
            287.3265686035156,
            515.0216674804688,
            0.3047492802143097,
            0.0
        ],
        "resnet_res": [
            0,
            0.31725892424583435
        ]
    },
    "58f5af4e-23d2-11e8-a6a3-ec086b02610b.jpg": {
        "detected": 0,
        "yolo_res": [
            0,
            0,
            0,
            0,
            0,
            0
        ]
    }
}