{
    "IMG-2349.jpg": {
        "detected": 0,
        "yolo_res": [
            0,
            0,
            0,
            0,
            0,
            0
        ]
    },
    "Oled-demo.jpg": {
        "detected": 0,
        "yolo_res": [
            0,
            0,
            0,
            0,
            0,
            0
        ]
    },
    "Oled-demo1.jpg": {
        "detected": 0,
        "yolo_res": [
            0,
            0,
            0,
            0,
            0,
            0
        ]
    },
    "photo-1474511320723-9a56873867b5.jpg": {
        "detected": 1,
        "yolo_res": [
            1.7668914794921875,
            68.88491821289062,
            688.6575927734375,
            649.5403442382812,
            0.5889379382133484,
            0.0
        ]
    }
}